ID	author_ids	author_names_en	author_names_ur	category_ids	category_names_en	category_names_ur	epub_fn	title_en	title_ur	published_year	volume	isbn
2689	2913	Rajab Ali Beg Sarvar	رجب علی بیگ سرور	2	Fiction	افسانوی ادب	a9b89827-6f26-4f22-b9ed-e21db01861c7.epub	Fasana-e-Ajaib	فسانۂ عجائب			7694749942434
2694	2920	Aziz Ansari	عزیز انصاری	28	Children Literature	 بچوں کا ادب	5d97a73c-dc80-4273-b8c4-ddd35b35b527.epub	Titli Taare Phool	تتلی تارے پھول	2017		1333045089772
2695	2921	Raziya Tahseen	رضیہ تحسین	28	Children Literature	 بچوں کا ادب	23f2c227-36ec-4938-9672-0795604a10c4.epub	Shikari Shikar Aur Jangal Se Piyar	شکاری شکار اور جنگل سے پیار	2012		6780752764782
2696	2922	Dr. Nasreen Ramzan Sayyed	ڈاکٹر نسرین رمضان سیّد	28	Children Literature	 بچوں کا ادب	01fcb7ed-0809-4656-8b5a-9f2215178d60.epub	Lakeer Ka Faqueer	لکیر کا فقیر	2017		0731249501350
2697	2923	Idrees Siddique	ادریس صدیقی	28	Children Literature	 بچوں کا ادب	e5da9735-0e79-4d0f-9947-721aed416afb.epub	Zameeni Aloodgi Per Mabni Kahaniyan	زمینی آلودگی پر مبنی کہانیاں	201ً6		0543258881375
2698	2924	Firoz Bakht Ahmad	فیروز بخت احمد	28	Children Literature	 بچوں کا ادب	20ed7847-35da-4231-bb4c-80d157a632ef.epub	Hanso Aur Hansao	ہنسو اور ہنساؤ	2016		1417310821362
2699	2925	Athar Parwez	اطہر پرویز	28	Children Literature	 بچوں کا ادب	8120b2ed-49bc-42ab-aaee-68929624a241.epub	Ek Nai Aur Rangsaaz Ka Qissa	ایک نائی اور رنگساز کا قصّہ	2010		4219736270321
2700	2926	Azhar Afsar	اظہر افسر	28	Children Literature	 بچوں کا ادب	b441d45d-5a29-44ba-8f1f-bb4ed27e77bd.epub	Bachchon Ke Drame	بچوں کے ڈرامے	2012		4720585359533
2701	2927	Shabnam Kamali	شبنم کمالی	28	Children Literature	 بچوں کا ادب	4efcbd73-95ea-4ef5-a3d1-24dd2fbea414.epub	Aao Geet Gaaen	آؤ گیت گائیں			5201924582639
2702	2928	Mohdammad Shamsul Haq	محمد شمس الحق	28	Children Literature	 بچوں کا ادب	47abc66a-c9b1-43fe-af74-43c97cb5d725.epub	Aao Samander Ki Sair Karein	آؤ سمندر کی سیر کریں	2008		3626291573536
2703	2929	Ahrar Husain	احرار حسین	28	Children Literature	 بچوں کا ادب	fb7a4b0b-3c83-475f-b6dd-33ab7af1c5b5.epub	Azeem Sciencedan	عظیم سائنسداں	201ً6		2756977499692
2704	2930	Abdul Wadood Ansari	عبدالودود انصاری	28	Children Literature	 بچوں کا ادب	f69977f7-1893-4ea8-92b6-13249839b93c.epub	Baton Baton Mein Science	باتوں باتوں میں سائنس	2017		2793132027525
2705	2931	Anisul Hasan Siddiqui	انیس الحسن صدیقی	28	Children Literature	 بچوں کا ادب	8b79e8e7-08b1-45e0-a3c6-bf09e2d3348b.epub	Falkiyati Basta	 فلکیاتی بستہ	2018		3362884925412
2706	2932	Mohd. Khaleel	محمد خلیل	28	Children Literature	 بچوں کا ادب	bd331dc2-86dd-4e9f-ae0a-35957ffb09e9.epub	Haiwanat Ki Dilchasp Duniya	حیوانات کی دلچسپ دنیا	2014		4752899689363
2707	2933	Sualeha Abid Husain	صالحہ عابد حسین	28	Children Literature	 بچوں کا ادب	54660fec-ea3f-40cd-bf33-db78936dc09b.epub	Hali	حالی	2016		6048251888459
2708	2934	Faragh Rohvi	فراغ روہوی	28	Children Literature	 بچوں کا ادب	feea1ee0-889d-4570-8135-1a1932a28eff.epub	Hamari Nazm	ہماری نظم	0000		2172539079728
2709	2935	Zebun-nisa Begum	زیب النساء بیگم	28	Children Literature	 بچوں کا ادب	6ae5322e-8425-4988-a01f-cd26270e7e60.epub	Iqbal Aur Bachchon Ka Adab	اقبال اور بچوں کا ادب	2006		6267362757356
2710	2936	Anisul Hasan Siddiqui	انیس الحسن صدیقی	28	Children Literature	 بچوں کا ادب	950ada3a-b945-463e-9acb-2f3885a58181.epub	Khala Mein Hindustani Program ki JhalkiyaN	خلا میں ہندوستانی پروگرام کی جھلکیاں	2018		6331326132748
2711	2937	Mohdammad Hafizuddin	محمد حفیظ الدین	28	Children Literature	 بچوں کا ادب	0c0aa1e5-35c9-4b36-bf5f-aca81d37ed23.epub	Maulana Rome Ki Kahaniyan	مولانا روم کی کہانیاں	2008		5854719593288
2712	2938	Shameem Ahmed	شمیم احمد	28	Children Literature	 بچوں کا ادب	237ea0fa-4146-4921-b1ca-558097db5bf8.epub	Nauratan Kahaniyan	نورتن کہانیاں	2015		3005179811940
2713	2939	Kalathirani	کلاتھیرانی	28	Children Literature	 بچوں کا ادب	574ae6af-f0ed-4f87-bcd9-c5596b543b15.epub	Purbi Deson Ki Kahaniyan	پوربی دیسوں کی کہانیاں	1988		8803462204203
2714	2940	Quaisar Sarmast	قیصر سرمست	28	Children Literature	 بچوں کا ادب	ea61c7f4-2cf8-4c7c-b469-efa5478c0f71.epub	Rengne Waley Jaanwar	رینگنے والے جانور	2017		2069257561790
2715	2941	Ansar Ahmad Marufi	انصار احمد معروفی	28	Children Literature	 بچوں کا ادب	d7853994-ff4b-4047-83d9-bfc76050ebc8.epub	Ye Aabo Hawa	یہ آب و ہوا	2017		7939617806500
2716	2942	Ansar Ahmad Marufi	انصار احمد معروفی	28	Children Literature	 بچوں کا ادب	e2c739f2-f95b-4383-ac98-aac301ebff9f.epub	Ye Badan Ke Hisse	یہ بدن کے حصّے	2017		5390474722169
2717	2943	Ansar Ahmad Marufi	انصار احمد معروفی	28	Children Literature	 بچوں کا ادب	8ae56b0f-399b-4003-8d59-f38e882cdf4e.epub	Ye Jism o Jaan	یہ جسم و جان	2017		8889538941588
2718	2944	Ansar Ahmad Marufi	انصار احمد معروفی	28	Children Literature	 بچوں کا ادب	e6d243dc-8837-4e0b-b51c-81f781694b6f.epub	Ye Mahine Aur Mausam	یہ مہینے اور موسم	2017		1811330588343
2719	2945	Ansar Ahmad Marufi	انصار احمد معروفی	28	Children Literature	 بچوں کا ادب	ab0a948d-f7fb-4d99-9511-d18a7ac9f97f.epub	Ye Ped Paudhe	یہ پیڑ پودے	2017		3871750031276
2720	2946	Ansar Ahmad Marufi	انصار احمد معروفی	28	Children Literature	 بچوں کا ادب	4adadb34-4a5a-4147-aa91-b4efa98af262.epub	Ye Zameen	یہ زمین	2017		6134569653041
2721	2947	Athar Parwez	اطہر پرویز	28	Children Literature	 بچوں کا ادب	81fe13f7-503e-41d8-8296-0bd58b3b7312.epub	Ek Din Ka Badshah	ایک دن کا بادشاہ	2010		9870976732528
2722	2948	Umar Raza	عمر رضا	13	Biography	حیات و خدمات	59b6fc8c-16bb-471b-88d9-d0fe5148ccf6.epub	Ali Sardar Jafri	علی سردار جعفری	201ٓ7		1443982429862
2723	2949	Tayyaba Begum	طیبہ بیگم	13	Biography	حیات و خدمات	25e24095-000a-474f-a913-2f800ccdc04b.epub	Asif Sabe Meer Usman Ali Khan	آصف سابع میر عثمان علی خان	1999		0008707697592
2724	2950	S M Khan	ایس ایم خان	13	Biography	حیات و خدمات	385d790f-6b93-4735-bc2c-beb6edea99a1.epub	Awamunnas Ke Sadr Dr. A P J Abdul Kalam	عوام الناس کے صدر ڈاکٹر اے پی جے عبدالکلام	2017		8279146502447
2725	2951	Seema Sagheer	سیما صغیر	13	Biography	حیات و خدمات	d297457a-7347-46fa-bd07-6be84518391f.epub	Begum Sultan Jahan	بیگم سلطان جہاں	2016		6027470978746
2726	2952	Khawaja Abdul Muntaqim	خواجہ عبدالمنتقم	13	Biography	حیات و خدمات	d128217c-4e2d-4c3f-8982-4dc6e21d1e78.epub	Dastoore Hind Ka Memaar, Dr. B. Ambedkar	دستورِ ہند کا معمار، ڈاکٹر بھیم راؤ امبیڈکر	2016		4354867100813
2727	2953	Syyada Jafar	سیّدہ جعفر	13	Biography	حیات و خدمات	2a618a20-fb9d-49e0-9055-a007319159d7.epub	Ghawasi	غواصی	2016		1800351803706
2728	2954	Prem Gopal Mittal	پریم گوپال متّل	13	Biography	حیات و خدمات	f3d0c292-9e4f-471e-b49b-91abf7252e44.epub	Gopal Mittal Monograph	مونوگراف گوپال متّل			9699255034905
2729	2955	Shamim Tariq	شمیم طارق	13	Biography	حیات و خدمات	59b35fc6-2e3b-4585-a780-7df079febb33.epub	Hasan Naim	حسن نعیم	201ٰ6		1616958848118
2730	2956	Khuwaja Altaf Husain Hali	خواجہ الطاف حسین حالی	13	Biography	حیات و خدمات	c59f4277-c0f8-430e-918a-baf48b5e8143.epub	Hayat-e-Saadi	حیات سعدی	2004		9414955786161
2731	2957	Ghazanfar Iqbal	غضنفر اقبال	13	Biography	حیات و خدمات	71344a51-238e-49a6-9368-f15793e0a2ac.epub	Ismat Javed	عصمت جاوید	2016		1899761525697
2732	2958	Sagheer Ifraheem	صغیر افراہیم	13	Biography	حیات و خدمات	a3f3e805-77f7-40dc-90f8-a4d03ac54325.epub	Jagat Mohan Lal Rawan	جگت موہن لال رواں	2016		0136692827480
2733	2959	Mohd. Khurshid Alam Nadvi	محمد خورشید عالم ندوی	13	Biography	حیات و خدمات	b2f9c4c7-bd5a-4d6c-b6ad-b6cca52c3c07.epub	Karnataka Ki Adabi Shakhsiyat	کرناٹک کی ادبی شخصیات	201ٓ5		1309445220842
2734	2960	B. R. Nanda	 بی آر نندا	13	Biography	حیات و خدمات	d4604f59-20c9-4a27-9be9-ee16cbd4ad33.epub	Mahatma Gandhi	آزادی	1986		7978719851015
2735	2961	Rasheeduddin Khan	رشید الدین خاں	13	Biography	حیات و خدمات	a8b5a04f-032c-4b11-ac14-117b106584b1.epub	Maulana Abul Kalam Azad	مولانا ابوالکلام آزاد	2003		4770531944844
2736	2962	Abul Kalam Qasmi	ابوالکلام قاسمی	13	Biography	حیات و خدمات	7d7597cb-9d4d-40b2-a6fc-865f1ebaa316.epub	Mohammad Hussain Azaad	محمد حسین آزاد	2016		4986213201477
2737	2963	Mohammad Nauman Khan	محمد نعمان خان	13	Biography	حیات و خدمات	46e11d4b-bad0-4e3b-b3c0-f920fef6b1cc.epub	Mulla Ramuzi	ملّا رموزی	2016		6412454391661
2738	2964	M. R. Kohli	ایم آر کوہلی	13	Biography	حیات و خدمات	6cc6a48f-cfb2-4127-9072-8a475d017be8.epub	Noor Jahan	نور جہاں			9201058573112
2739	2965	Aftab Ahmad Afaqui	آفتاب احمد آفاقی	13	Biography	حیات و خدمات	40c18128-b2aa-44c4-bde7-fb669ee10a96.epub	Qazi Abdul Wadood	قاضی عبدالودود	2016		6200003140323
2740	2966	Umair Manzar	عمیر منظر	13	Biography	حیات و خدمات	96ac8f0c-91b0-4ac6-90e1-ff5e3d1eff06.epub	Rajinder Manchanda Baani	راجیندر منچندا بانی	2016		2868596428351
2741	2967	Mazhar Mehmood	مظہر محمود	13	Biography	حیات و خدمات	ce5512f0-9c51-40d6-94e4-27f63655fcaf.epub	Ramlal Hayat O Fun	رام لعل حیات و فن	2016		7933252085109
2742	2968	Abdul Hameed	عبدالحمید	13	Biography	حیات و خدمات	e0eb2a23-5b33-4067-99f4-f14274e860a8.epub	Rasheed Hasan Khan	رشید حسن خان 	2017		6560170205778
2743	2969	Saheb Ali	صاحب علی	13	Biography	حیات و خدمات	64fbe6c4-f2f3-4f48-8709-9bfe237f2d2f.epub	Reyaz Khairabadi	ریاض خیر آبادی	2016		7078766442353
2744	2970	Syed Mansoor Agha	سیّد منصور آغا	13	Biography	حیات و خدمات	8766b715-fcd8-45ef-87b2-f1f2af81e1ac.epub	Saiyid Hamid	سیّد حامد	2017		9255212655204
2745	2971	Rahman Abbas	رحمن عباس	13	Biography	حیات و خدمات	c2a5f2e2-7bee-4e78-96ab-4f94f7fa969e.epub	Sajid Rasheed	ساجد رشید	2016		9842153386139
2746	2972	Muzaffar Hanfi	مظفر حنفی	13	Biography	حیات و خدمات	4002c6cd-c74b-40dc-b15f-7d9a62c31767.epub	Shaad Arfi	شاد عافی	2016		5824816670706
2747	2973	Tabish Mehdi	تابش مہدی	13	Biography	حیات و خدمات	919588c8-02c9-48dc-aeab-897c1df71bcb.epub	Shafiq Jaunpuri	شفیق جونپوری	2016		0726323682598
2748	2974	Dr. Syed Yahya Nasheet	ڈاکٹر سیّد یحییٰ نشیط	13	Biography	حیات و خدمات	5f7213bd-7926-4be0-888d-267c39585292.epub	Siraj Aurangabadi	سراج اورنگ آبادی	201ً6		5860091172490
2749	2975	Dr. Alif Nazim	ڈاکٹر الف ناظم 	13	Biography	حیات و خدمات	039a1b17-5e8f-48f6-9770-c449af3d86e3.epub	Suroor Jahanabadi Aur Akseer-e-Sukhan	سرور جہان آبادی اور اکسیرِ سخن	2015		5801615794951
2750	2976	Mohd. Shahid Husain	محمد شاہد حسین	13	Biography	حیات و خدمات	73f3c411-b109-405f-9265-3c666fc6001e.epub	Syed Imtiyaz Ali Taj	سیّد امتیاز علی تاج	201ٓ7		5802080485822
2751	2977	Kaleem Hazique	کلیم حاذق	13	Biography	حیات و خدمات	2c079c32-625e-4483-9ac8-93133e4e517d.epub	Wehshat Kalkatvi	وحشت کلکتوی	201ً6		4836733599808
2752	2978	Hasan Musanna	حسن مثنیٰ	13	Biography	حیات و خدمات	c6ce5d3a-2e52-4293-92eb-7359c19a6911.epub	Yaas Yagana Changezee	یاس یگانہ چنگیزی	201ً6		9294949905677
2753	2979	Jameel Akhtar	جمیل اختر	13	Biography	حیات و خدمات	2e3d7e9c-c748-44ff-a8ac-bd98526fff33.epub	Zindagi Namah	زندگی نامہ	2014		1239064817878
2754	2980	Riyaz Shakir Khan	ریاض شاکر خان	25	Economics And Business	تجارت و معاشیات	19fb7f20-230e-4701-84f0-41f908ee3274.epub	Maashiyaat Kaise Padhaen	معاشیات کیسے پڑھائیں	1982		3634771022120
2755	2981	Dr Salamatullah	ڈاکٹر سلامت اللہ	17	Education and Teaching	تعلیم و تدریس	60866612-0c88-4d80-9427-720621971f32.epub	Taleem Aur Uska Samaji PasManar	تعلیم اور اُس کا سماجی پسِ منظر	1998		8861888069843
2756	2982	Dr. Talat Aziz	ڈاکٹر طلعت عزیز	17	Education and Teaching	تعلیم و تدریس	64e90f88-0364-4229-b0a8-520d8b32e4d2.epub	Taleemi Nafsiyat	تعلیمی نفسیات	2015		3711175780522
2757	2983	Moienuddin	معین الدین	17	Education and Teaching	تعلیم و تدریس	79541678-b24c-4a68-97e3-0b9bcd29e5a1.epub	Urdu Zaban Ki Tadrees	اردو زبان کی تدریس	2011		5275253152362
2758	2984	D.S Gordon	ڈی ایس گورڈن	17	Education and Teaching	تعلیم و تدریس	f966d01d-f9c7-4432-a33f-c8754b6165bf.epub	Usool-e-Taaleem Aur Amal-e-Taaleem	اصول تعلیم اور عملِ تعلیم	201ً6		1292983285583
2759	2985	NCPUL	قرمی کونسل برائے فروغ اردو زبان	27	Encyclopedia And Dictionary	 انسائیکلوپیڈیا و لغات	56d5c6ca-2ec9-49f7-bae4-70c921e69f2c.epub	Commerce Farhang	کامرس فرہنگ	2014		2320094374627
2760	2986	Khaja Abdul Muntaqim	خواجہ عبدالمنتقم	27	Encyclopedia And Dictionary	 انسائیکلوپیڈیا و لغات	0ba5bd38-1896-4bbb-8776-1a2278b385b4.epub	Farhang-e-Qanooni, Tejarti W Mali Istelahat	فرہنگِ قانونی، تجارتی و مالی اصطلاحات	2017		0968064257627
2761	2987	Prof. Naseer Ahmad Khan	پروفیسر نصیر احمد خاں	27	Encyclopedia And Dictionary	 انسائیکلوپیڈیا و لغات	01e4628a-ba8e-432c-9034-ef13eb875f59.epub	Urdu Ki Sauti Lughat	اردو کی صوتی لغت	2014		1696580543237
2762	2988	Syed Imtiyaz Ali Taj	سیّد امتیاز علی تاج	2	Fiction	افسانوی ادب	99a2cc86-2d62-4415-b120-a926b8c4a97e.epub	Anar Kali	انار کلی	201ٓ7		9800043527191
2763	2989	Ratan Singh	رتن سنگھ	2	Fiction	افسانوی ادب	328e8c47-92eb-4637-9264-bf347d54c8da.epub	Ek Nadi	اِک ندی	2018		4630415724809
2764	2990	Dr. Syed Mahmood Kazmi	ڈاکٹر سیّد محمود کاظمی	2	Fiction	افسانوی ادب	81c9a7a8-aa89-43cd-89c3-aa85717bc449.epub	Novel Aur Awam	ناول اور عوام	2014		7986667329938
2765	2991	Owais Ahmad Adeeb	اویس احمد ادیب	2	Fiction	افسانوی ادب	463dfcf3-2992-4621-85f9-c3be9c845084.epub	Usool Afsana Nigari	اصول افسانہ نگاری	2017		3242402573745
2766	2992	Seema Parvez	سیما پرویز	22	Fine Arts	فنون لطیفہ	e017d41a-fef3-40ca-9c95-327fb112e22a.epub	Art Ki Kahani	آرٹ کی کہانی			4787324453436
2767	2993	Zubair Rizvi	زبیر رضوی	22	Fine Arts	فنون لطیفہ	7e4c23c3-57bc-41d6-8563-ac7825256e56.epub	Taraqqi Pasand Aur Unke Moasir Painter	ترقی پسند اور ان کے معاصر پینٹر	2015		5674855770012
2768	2994	W H Morland	ڈبلیو ایچ مورلینڈ	16	History	تاریخ	b8470e05-a7c2-42e8-a348-316a68702e47.epub	Akbar Se Aurangzeb Tak	اکبر سے اورنگ زیب تک	2016		7987892132291
2769	2995	Tafazzal Husain Kokab	تفضّل حسین کوکب	16	History	تاریخ	c3aa43f5-7bd3-42ac-ac1b-0167a10ef2f9.epub	Fughan-e-Dehli	فغانِ دہلی	2013		7833633587827
2770	2996	Prof. Bipin Chandra	پروفیسر بپن 	16	History	تاریخ	3fc009c8-819d-49e5-b2a9-fde8c221fab2.epub	Husool-e-Azadi Ke Liye Hindustan Ki Jadd-o-Jehad	حصولِ آزادی کے لئے ہندوستان کی جدوجہد	2014		1428553290956
2771	2997	Cecil Earle Tyndale Biscoe	سی۔ ای۔ ٹنڈیل بسکو	16	History	تاریخ	2b24cf45-38e8-4137-b08b-27b192734e71.epub	Kashmir Dhoop Aur Chhaon Mein	کشمیر دھوپ اور چھاؤں میں	2015		2425698891902
2772	2998	Sir Walter Ropert Lawrance	سر والٹرروپرٹ لارنس	16	History	تاریخ	073b9c76-63c1-45b7-b1bf-350a077a7dbd.epub	Kashmir Ki Waadi	کشمیر کی وادی	2014		0137187064371
2773	2999	Mulla Abdul Qadir Badayuni	ملّا عبدالقادر بدایونی	16	History	تاریخ	cad43f7f-50c0-4c34-a69f-ddc438541f90.epub	Muntakhabut Tawareekh	منتخب التواریخ	2017	2,3	9226278887177
2774	3000	Mulla Abdul Qadir Badayuni	ملّا عبدالقادر بدایونی	16	History	تاریخ	acdf5522-39ff-4042-a5f2-c909671fd547.epub	Muntakhabut Tawareekh	منتخب التواریخ	2017	1	4597465065684
2775	3001	Mohammad Sajjad	محمد سجاد	16	History	تاریخ	1b48fed0-7478-481e-b7d6-6eca9ed751af.epub	Nau Abadiyat Aur Elahdgi Pasandi Ki Muzahemat	 نو آبادیات اور علیحدگی پسندی کی مزاحمت			8353775039791
2776	3002	Dr. Kamlesh Mohan	ڈاکٹر کملیش موہن	16	History	تاریخ	87f50221-cf93-456a-a3b6-fa1812b139f1.epub	Punjab Mein Inqalabi WatanPrasti Ki Tehreek	پنجاب میں وطن پرستی کی تحریک 	2015		1129528975676
2777	3003	Hamid Ansari	حامد انصاری	16	History	تاریخ	d1686803-dd85-4140-a41c-d6d56e230cd1.epub	Safar Ashoob	سفر آشوب	2014		4313683830790
2778	3004	L.F. Rashbroke Williams	ایل۔ ایف۔ رش بروک ولیمز	16	History	تاریخ	b548c757-aa94-411d-b3ba-3eeb155a9153.epub	Zahir Uddin Mohammad Babar	ظہیرالدین محمد بابر	2010		9171417243155
2779	3005	Abdul Hai	عبدالحئی	14	Journalism	صحافت	6d164192-4ec8-4dd9-8c73-7d43489eba94.epub	Adabi Sahafat Azadi Ke Baad	ادبی صحافت آزادی کے بعد 	2015		0075480104961
2780	3006	Syed Iqbal Qadri	سیِد اقبال قادری	14	Journalism	صحافت	fef5ba39-7443-4b54-b6a8-475b1135de28.epub	Rahbar-e-Akhbar Navesi	رہبرِ اخبار نویسی	2016		1213270643184
2781	3007	Qamar Rais	قمر رئیس	12	Kulliyat	کلیات	d61f1216-e375-4a56-84c6-9f5d8ab9bd0c.epub	Kulliyat-e-Josh	کلّیاتِ جوش	2013	1	4542363094539
2782	3008	Mohd Nauman Khan	محمد نعمان خان	12	Kulliyat	کلیات	5dca87a0-1aef-4597-8534-eb32b71a543e.epub	Kulliyat-e-Ibraheem Yusuf	کلیاتِ ابراہیم یوسف	2015	1	5084349818330
2783	3009	Mohd Nauman Khan	محمد نعمان خان	12	Kulliyat	کلیات	c5d1ebb3-91f3-47cb-842e-5564774e64a5.epub	Kulliyat-e-Ibraheem Yousuf	کلیاتِ ابراہیم یوسف	2015	2	0731797588271
2784	3010	Mohd Nauman Khan	محمد نعمان خان	12	Kulliyat	کلیات	ec0600a3-39e6-418f-86d3-bf6c4736089f.epub	Kulliyat-e-Ibraheem Yousuf	کلیاتِ ابراہیم یوسف	2015	4	6659907560923
2785	3011	Mohd Nauman Khan	محمد نعمان خان	12	Kulliyat	کلیات	baeafb85-3a5b-4959-a7d4-567e1dd9404e.epub	Kulliyat-e-Ibraheem Yousuf	کلیاتِ ابراہیم یوسف	2015	3	6121618254351
2786	3012	Gobind Prasad	گوبند پرساد	12	Kulliyat	کلیات	45a5af9f-7d88-4aa9-9243-bf53b791e67e.epub	Kulliyat-e-Bani	کلیات بانی	2017		0739221652127
2787	3013	Jameel Akhtar	جمیل اختر	12	Kulliyat	کلیات	188b3317-e61f-4167-bd9b-9a3e81db2443.epub	Kulliyat-e-Balwant Singh	کلّیاتِ بلونت سنگھ	2012	8	2099945063351
2788	3014	Ahmad Mahfooz	احمد محفوظ	12	Kulliyat	کلیات	051a1de5-d3a0-4e1f-a0d5-4bf77ac51cf3.epub	Kulliyat-e-Akbar Allahabadi	کلیات اکبر الٰہ آبادی	2013	2	8100408209445
2789	3015	Ahmad Mahfooz	احمد محفوظ	12	Kulliyat	کلیات	087c1c97-dd7b-4abb-ac02-507e9e8aec94.epub	Kulliyat-e-Akbar Allahabadi	کلیات اکبر الٰہ آبادی	2016	3	5391186401860
2790	3016	Abid Suhail	عابد سہیل 	12	Kulliyat	کلیات	1de53959-0515-4756-8130-097b7d5b3c0a.epub	Kulliyat-e-Abdul Aleem	کلّیاتِ عبدالعلیم	2012	1	1712116074468
2791	3017	Abid Suhail	عابد سہیل 	12	Kulliyat	کلیات	dc767313-13d2-4556-9c56-5d08218bfb6e.epub	Kulliyat-e-Abdul Aleem	کلّیاتِ عبدالعلیم	2012	2	0695292229723
2792	3018	Dr. Sarwarul Huda	ڈاکٹر سرورالہدیٰ	12	Kulliyat	کلیات	a7830a6c-284c-4307-bf99-06ce57689221.epub	Kulliyate Mazameene Waheed Akhtar 6	کلیاتِ مضامینِ وحید اختر	2016	6	6528478225304
2793	3019	Dr. Sarwarul Huda	ڈاکٹر سرورالہدیٰ	12	Kulliyat	کلیات	193458ca-43f4-43a7-abba-0d4332c1ecce.epub	Kulliyate Mazameene Waheed Akhtar 5	کلیاتِ مضامینِ وحید اختر	2016	5	3070412561239
2794	3020	Dr. Sarwarul Huda	ڈاکٹر سرورالہدیٰ	12	Kulliyat	کلیات	1b6246a0-6285-40de-98b7-261f9666d1cb.epub	Kulliyate Mazameene Waheed Akhtar 4	کلیاتِ مضامینِ وحید اختر	2016	4	7589457089988
2795	3021	Ataur Rahman Qasmi	عطاء الرحمن قاسمی	12	Kulliyat	کلیات	2f7fa275-4a4b-44f4-afec-30f1bffcbd51.epub	Kulliyate Majidi Vol 3	کلیات ماجدی جلد ۳	2016		9851085553399
2796	3022	Prof. Shamsul Haq Usmani	پروفیسر شمس الحق عثمانی	12	Kulliyat	کلیات	b320c076-7643-472d-af18-cc567ade3c2b.epub	Kulliat-e-Saadat Hasan Manto	کلّیاتِ سعادت حسن مَنٹَو	2006	1	8918239218129
2797	3023	Prof. Shamsul Haq Usmani	پروفیسر شمس الحق عثمانی	12	Kulliyat	کلیات	9de9c5d7-ede7-4895-b3ed-a00989668cf5.epub	Kulliat-e-Saadat Hasan Manto	کلّیاتِ سعادت حسن مَنٹَو	2007	2	8720793939894
2798	3024	Dr Hussain Majid	ڈاکٹر حسین ماجد	12	Kulliyat	کلیات	daee720a-7086-40f3-91ba-90208bee04c3.epub	Bahare Gulshane Kashmir	بہارِ گلشنِ کشمیر	2017	1	2305466312123
2799	3025	Dr Hussain Majid	ڈاکٹر حسین ماجد	12	Kulliyat	کلیات	9e256912-c2bd-4141-aec5-ed843258106f.epub	Bahare Gulshane Kashmir	بہارِ گلشنِ کشمیر	2017	4	5353052052626
2800	3026	Dr Hussain Majid	ڈاکٹر حسین ماجد	12	Kulliyat	کلیات	a8b87929-1c7a-4212-b655-17fa4f1a0b4b.epub	Bahare Gulshane Kashmir Vol 2	بہارِ گلشنِ کشمیر	2017	2	7106886719096
2801	3027	Yaqoob Yawar	یعقوب یاور	12	Kulliyat	کلیات	ba48e1b3-2a72-48aa-8514-2e4fcd433e06.epub	Agha Hashr Kashmiri	آغا حشر کاشمیری	2016		7753502869177
2802	3028	Yaqoob Yawar	یعقوب یاور	12	Kulliyat	کلیات	ac5bea38-7377-497b-80c4-5552a692265e.epub	Agha Hashr Kashmiri	آغا حشر کاشمیری	2017	8	5958468512716
2803	3029	Jameel Akhtar	جمیل اختر	12	Kulliyat	کلیات	32747ddd-9411-4a06-9c72-95dfc3b24848.epub	Aaina-e-Jahan	آئینۂ جہاں، جلد نہم	2016	9	7186559447303
2804	3030	Jameel Akhtar	جمیل اختر	12	Kulliyat	کلیات	cafc55d8-d74f-4b88-95fe-5efedb5bf820.epub	Aaina-e-Jahan	آئینۂ ادب	2016	11	1837022624333
2805	3031	Jameel Akhtar	جمیل اختر	12	Kulliyat	کلیات	eedc4bfe-e4b9-48f8-84dd-2c37cf1ddd71.epub	Aaina-e-Jahan	آئینۂ ادب	2016	10	2933064728964
2806	3032	Jameel Akhtar	جمیل اختر	12	Kulliyat	کلیات	a1b7c797-43d4-4f5f-a474-d2437df92f41.epub	Aaina-e-Jahan	آئینۂ ادب	2016	8	9428819649494
2807	3033	Jameel Akhtar	جمیل اختر	12	Kulliyat	کلیات	7727ded3-78d7-407e-a3f0-ba5be876241b.epub	Aaina-e-Jahan Vol 7	آئینۂ جہاں جلد ہفتم	2016	7	9200978127751
2808	3034	Jameel Akhtar	جمیل اختر	12	Kulliyat	کلیات	2549cb62-0ebf-4ca5-808c-e14701a8cff8.epub	Aaina-e-Jahan Vol 6	آئینۂ جہاں جلد ششم	2016	6	8107124070350
2809	3035	Jameel Akhtar	جمیل اختر	12	Kulliyat	کلیات	3f010a88-e467-4968-ad6b-a41994db40ef.epub	Aaina-e-Jahan	آئینۂ ادب	2016	5	5727955281337
2810	3036	Chander Bhan Khayal	چندر بھان خیال	12	Kulliyat	کلیات	10b210ac-acd7-478f-a4d4-429f3813e29e.epub	Kulliyat-e-Kumar Pashi	کلیاتِ کمار پاشی	2015	1	5079668016419
2811	3037	Khalid Mahmood	خالد محمود	12	Kulliyat	کلیات	596d8484-3101-44c7-b9a7-d25139532bf3.epub	Kulliyat-e-Mulla Ramoozi	کلّیاتِ مُلّا رموزی	2013	1	8236647419385
2812	3038	Zoe Ansari Abul Faiz Sahar	ظ انصاری ابو الفیض سحر	10	Research and Criticism	تحقیق و تنقید	4a67b149-43c0-4bad-baff-881b1b227f29.epub	KHUSRO SHANASI	خسرو شناسی	2010		5681688632800
2813	3039	Mohammad Bin Zakariya Razi	محمد بن زکریا رازی	20	Medicine and Therapies	طب ومعالجات	a38f252a-9b0d-4a0a-b0d4-2874002390bb.epub	Kitabul Murshid	کتاب المرشد	2000		5429857898131
2814	3040	Dr Abdul Haleem Nadvi	ڈاکٹر عبدالحلیم ندوی	10	Research and Criticism	تحقیق و تنقید	074c1f0c-3812-4da2-80a5-4b9d4a0f9271.epub	Arabi Adab Ki Tarikh	عربی ادب کی تاریخ، جلد اوّل	2009	3	1928053120057
2815	3041	Ateequllah	عتیق اللہ	10	Research and Criticism	تحقیق و تنقید	2139f475-2bb7-4727-b8ed-b612e7527cc7.epub	Asaaleeb	اسالیب	2015		2936271821575
2817	3043	Mirza Khalil Ahmad Baig	مرزا خلیل احمد بیگ	10	Research and Criticism	تحقیق و تنقید	e3fb6e3f-c831-4af2-afc5-92d8aa02abdc.epub	Asloobiyati Tanqeed	اسلوبیاتی تنقید	2014		0530097350243
2818	3044	Zubair Rizvi	زبیر رضوی	10	Research and Criticism	تحقیق و تنقید	a0826be5-813f-4916-b8d9-85307efa4101.epub	Asri Aalmi Adab Ke Sutoon	عصری عالمی ادب کے ستون	2015		0295143065308
2819	3045	Ali Ahmad Fatmi	علی احمد فاطمی	10	Research and Criticism	تحقیق و تنقید	a4439130-523d-4f05-9175-0b1f277985e0.epub	Baqiyate Ali Sardar Jafri	باقیاتِ علی سردار جعفری	2014		8239122783302
2820	3046	Hakeem Hafiz Syed Habibur Rahman	حکیم حافظ سیّد حبیب الرحمن	20	Medicine and Therapies	طب ومعالجات	2822f594-cf5b-4666-b291-92a8371e94a6.epub	Hindustan Ke Mashhoor Atibba	ہندوستان کے مشہور اطبّا	2014		6881015412349
2821	3047	Dr Naresh	ڈاکٹر نریش	10	Research and Criticism	تحقیق و تنقید	6ff5f10b-678c-4637-9a34-eceda3b5d77a.epub	Jadeed Hindi Shairi Par Urdu Ka Asar	جدید ہندی شاعری پر اردو کا اثر	2017		8114822196920
2822	3048	Abdul Qadir Sarwari	عبدالقادر سروری	10	Research and Criticism	تحقیق و تنقید	2198c153-b5e8-4581-a0d1-a00929dd8717.epub	Kirdar Aur Afsana	کردار اور افسانہ	2017		3186629402159
2823	3049	Syed Abdul Bari	سیّدعبد الباری	10	Research and Criticism	تحقیق و تنقید	42ad042b-69c7-4dcb-8a53-db7b2424587b.epub	Lucknow Ke Sher-O-Adab	لکھنؤ کے شعر و ادب 	2015		1571968862194
2824	3050	Atiqullah	عتیق اللہ	10	Research and Criticism	تحقیق و تنقید	1fec1646-bbae-4a5a-b5fa-a6c8fa2cd84b.epub	Maghrib Mein Tanqeed Ki Riwayat	مغرب میں تنقید کی روایت	2017		7806268489011
2825	3051	Mohammad Hasan	محمد حسن	10	Research and Criticism	تحقیق و تنقید	3e966c1d-0f70-4004-a935-c5399ab4edbe.epub	Mashriq-Wa-Maghrib Mein Tanqidi Tasawwurat Ki Tareekh	مشرق و مغرب میں تنقیدی تصوّرات کی تاریخ	2016		8168293387956
2826	3052	Dr Sayyed Abid Husain	ڈاکٹر سیّد عابد حسین	15	Sociology and Religion	سماجیات اور مذہب	4454fe9a-34b6-46c1-98db-5bb44a8ba255.epub	Qaumi Tehzeeb Ka Masala	قومی تہذیب کا مسئلہ			6973854430590
2827	3053	Qaiser Zoha Alam	قیصرضحیٰ عالم	10	Research and Criticism	تحقیق و تنقید	bcd86b24-bad4-4f67-9c52-696de9678fdc.epub	Sharar-e-Justuju	شرارِ جستجو	201ً5		7974943722433
2828	3054	Mohammad Ansarullah	محمد انصار اللہ	10	Research and Criticism	تحقیق و تنقید	55029c75-6f34-41bc-a484-d9a18bab92a7.epub	Tareekh-e-Adab-e-Urdu Vol 12	تاریخِ ادبِ اردو	2015	12	7392016714599
2829	3055	Mohammad Ansarullah	محمد انصار اللہ	10	Research and Criticism	تحقیق و تنقید	ffa799dd-1bfa-4c7d-a996-328ab67f8ba8.epub	Tareekh-e-Adab-e-Urdu Vol 13	تاریخِ ادبِ اردو	2015	13	7111136121746
2830	3056	Mohammad Ansarullah	محمد انصار اللہ	10	Research and Criticism	تحقیق و تنقید	b933b0b6-cc47-4688-91e8-3d6cf88a8466.epub	Tareekh-e-Adab-e-Urdu Vol 14	تاریخِ ادبِ اردو	2015	14	2537884856913
2831	3057	Mohammad Ansarullah	محمد انصار اللہ	10	Research and Criticism	تحقیق و تنقید	17b8ce67-b941-4b71-8967-1e6652fd5758.epub	Tareekh-e-Adab-e-Urdu Vol 17	تاریخ ادب اردو	2016	17	3733476532616
2832	3058	Mohammad Ansarullah	محمد انصار اللہ	10	Research and Criticism	تحقیق و تنقید	67a03cfb-b384-4484-a11e-90f6366d8740.epub	Tareekh-e-Adab-e-Urdu	تاریخ ادب اردو	2016	16	8778718562516
2833	3059	Mohammad Ansarullah	محمد انصار اللہ	10	Research and Criticism	تحقیق و تنقید	a8e49518-b6b2-4b83-8e61-8a8d6888b028.epub	Tareekh-e-Adab-e-Urdu	تاریخ ادب اردو	2016	15	9710455866254
2834	3060	Prof. Irteza Karim	پروفیسر ارتضیٰ کریم	10	Research and Criticism	تحقیق و تنقید	6d20a702-7f18-4a0c-9f06-38530ac96279.epub	Urdu Fiction Ki Tanqeed	اردو فکشن کی تنقید	2016		3612325202947
2835	3061	Prof. Abdus Sattar Dalvi	پروفیسر عبد الستّار دلوی	11	Language and Linguistics	زبان ولسانیات	d08492ed-ac6c-4c7d-a0d7-889cf9607f24.epub	Urdu Mein Lisani Tehqeeq	اردو میں لسانی تحقیق	201ً5		2699787152157
2836	3062	Huma Mirza	ہما مرزا	10	Research and Criticism	تحقیق و تنقید	76d813ea-ac99-4a9a-93b4-f533b7cc9724.epub	Urooj-e-Fun	عروجِ فن	2018		9589734785794
2837	3063	Shamsur Rahman Faruqi	شمس الرحمن فاروقی	10	Research and Criticism	تحقیق و تنقید	79f120bb-6b5e-4e12-aa2d-c10c7e425b05.epub	Urooz Aahang Aur Bayaan	عروض آہنگ اور بیان	2016		8902310775301
2838	3064	Abdul Haleem Nadvi	عبدالحلیم ندوی	10	Research and Criticism	تحقیق و تنقید	c517c898-b9bb-475a-aba9-9581787de6b1.epub	Arabi Adab Ki Tareekh Vol 2	عربی ادب کی تاریخ جلد دوم	2015	2	2232802028808
2839	3065	Anand Verdhan	آنند وردھن	1	Poetry	شاعری	38f01590-e30d-4fd9-a29b-1da9374a2d1b.epub	Dhwanyalok	دھونیا لوک			2710744459938
2840	3066	Aijaz Ali Arshad	سیما صغیر	10	Research and Criticism	تحقیق و تنقید	524dd382-848a-41ca-b905-14fbb8e2c7db.epub	Bihar Ki Bahar Vol 2	بہار کی بَہار	2017		0921161236878
2841	3067	Dr. Javed Ahmed Saeedi Kamatvi	ڈاکٹر جاوید احمد سعیدی کامٹوی	20	Medicine and Therapies	طب ومعالجات	c37984b1-17c9-4efc-80e3-7f7e5fed188c.epub	Hamara Tarze Zindagi Aur Bimaryan	ہمارا طرزِ زندگی اور بیماریاں	2015		0554274537880
2842	3068	Dr. Abdul Moiz Shams	ڈاکٹر عبدالمعزّ شمس	20	Medicine and Therapies	طب ومعالجات	5233208c-5576-4b77-95ac-753b0142b62f.epub	Jism Bejaan	جسم بے جان	2014		0341183061554
2843	3069	K.Abdul Muntaquim	خواجہ عبدالمنتقم	23	Laws	قانون	9095fcdb-13a4-42f2-8268-5e07eeee48ba.epub	Khawateen Se Mutallique Jinsi Wa Deegar Jaraim	خواتین سے متعلق جنسی و دیگر جرائم	201ٓ7		9620622346877
2844	3070	Ali Rafad Fatihi	علی رفاد فتحیی	11	Language and Linguistics	زبان ولسانیات	72078274-7262-4476-b3ca-5bf1b4ad37c4.epub	Lafz Saazi	لفظ سازی	2013		9732806544856
2845	3071	Akram Naqqash	اکرم نقّاش	10	Research and Criticism	تحقیق و تنقید	3103a365-7a24-430d-a6ed-d5a0c9308588.epub	Mahmood Ayaz ki Tahreerien	محمود ایاز کی تحریریں	2018		5446989794353
2846	3072	Syed Yasir Ali Jilani	سیّد یاسر علی جیلانی	19	Political Science	سیاست	8050e03c-765a-43d3-a77e-f471ef86df2f.epub	Mann  Ki Baat	من کی بات	2018		6538857978391
2847	3073	Hakeem Mohammad Akbar	حکیم محمد اکبر	20	Medicine and Therapies	طب ومعالجات	c51b4b98-4978-46b5-9aa8-6c5f90a65ee8.epub	Meezanut Tib	میزان الطّب			5075033203172
2848	3074	Wasim Ahmad Azmi	وسیم احمد اعظمی	20	Medicine and Therapies	طب ومعالجات	0fed849e-a8a2-4bbf-b10e-e1436706370e.epub	Moalijat	معالجات	2015	4	9558842514880
2849	3075	Wasim Ahmad Azmi	وسیم احمد اعظمی	20	Medicine and Therapies	طب ومعالجات	e95803fb-a6fc-4c6a-b7cb-0057ec472b36.epub	Moalijat	معالجات	2015	3	3324874309633
2850	3076	Editorial Board	ادارتی بورڈ	20	Medicine and Therapies	طب ومعالجات	489e5487-6dbd-4194-86ca-53c8dc5ce704.epub	Munafeul Aaza	منافع الاعضاء	2016	1	9914866004313
2851	3077	Editorial Board	ادارتی بورڈ	20	Medicine and Therapies	طب ومعالجات	448c55dd-ac60-492a-afc0-abc9a094230f.epub	Munafeul Aaza	منافع الاعضاء	2016	2	5267299694027
2852	3078	Editorial Board	ادارتی بورڈ	20	Medicine and Therapies	طب ومعالجات	9888564a-9e95-4f4d-97b4-a39ae5205813.epub	Munafeul Aaza	منافع الاعضاء	2016	3	1407245182186
2853	3079	Ismat Javed	عصمت جاوید	11	Language and Linguistics	زبان ولسانیات	aefda3c6-c332-4813-ae74-89035913764c.epub	Nai Urdu Qawaid	نئی اردو قواعد	2015		5752278373561
2854	3080	Dr. Ghulam Yahya Anjum	ڈاکٹر غلام یحییٰ انجم	15	Sociology and Religion	سماجیات اور مذہب	9d6e109a-bc5c-4864-9348-c8d530471460.epub	Quran-e-Karim ke Hindustani Tarajum wa Tafasir ka Ijmali Jaiza	قرآن کریم کے ہندوستانی تراجم وتفاسیرکا اجمالی جائزہ	2017		9527799532521
2855	3081	Hakeem Syed Mohd. Hassan Nigrami	حکیم سیّد محمد حسان نگرامی	20	Medicine and Therapies	طب ومعالجات	add0ac6f-7e5e-4544-9164-545bacea4b59.epub	Tareekh-e-Ilmul Adviya	تاریخ علم الادویّہ	2015		4135483539183
2856	3082	H S Mohd. Hassan Nigrami	حکیم سیّد محمد حسان نگرامی	20	Medicine and Therapies	طب ومعالجات	bcfdb471-cd6d-4024-93cc-3f333c53901d.epub	Tareekh-e-Tib	تاریخِ طب	2016		9693579992754
2857	3083	Shamim Tariq	شمیم طارق	15	Sociology and Religion	سماجیات اور مذہب	03e87184-4772-4874-8cb5-e8cd80c4a5f4.epub	Tasawwuf Aur Bhakti ki Aham Istelahat	تصوّف اور بھکتی کی اہم اصطلاحات	2018		7445552941130
2858	3084	Prof. A. R. Fatihi	پروفیسر علی رفاد فتیحی	11	Language and Linguistics	زبان ولسانیات	9aae3ee2-f294-4930-9bb9-1082f0f8ff77.epub	Urdu Lisaniyat	اردو لسانیات	2012		4786312960405
2859	3085	Syed Kamaluddin Hussain Hamdani	سیّد کمال الدین حسین ہمدانی	20	Medicine and Therapies	طب ومعالجات	889237e1-3856-4b64-86d7-45d3167b4f71.epub	Usool-e-Tib	اصولِ طب	2015		5005918017351
2860	3086	K.A. Muntaquim	خواجہ عبدالمنتقم	23	Laws	قانون	d28ec176-3ebb-4371-bcdc-9bbd735863c5.epub	Waqf Qawaneen	وقف قوانین	201ً6		4649491852064
2861	3087	M.J. Warsi	ایم جے وارثی	11	Language and Linguistics	زبان ولسانیات	ba545557-3cec-4f35-ae72-d6ae0a96820a.epub	Zuban-O-Tarseel	زبان و ترسیل	201ً5		8466252493337
2862	3088	Haneef Naqvi	حنیف نقوی	10	Research and Criticism	تحقیق و تنقید	73477170-60e4-41cb-959c-42d3aa29d9bf.epub	Tahqeeq-O-Taaruf	حنیف نقوی	2013		3590154264766
2863	3089	Ansar Ahmad Marufi	انصار احمد معروفی	23	Laws	قانون	6660bd1c-8c1d-402f-8a96-c1596f36b217.epub	Khawateen Ki Ikhtiyarkari wa Sinfi Masawat	خواتین کی اختیارکاری وصنفی مساوات	2017		0497038402171
2864	3090	Dr. Husain Faruqi	ڈاکٹر حسین فاروقی	20	Medicine and Therapies	طب ومعالجات	c71e37d3-9bda-42a0-b872-04cb8d920c3f.epub	Chand Aam Bemariyan	چند عام بیماریاں	2002		1775813007892
2865	3091	Authors	مصنّفین	11	Language and Linguistics	زبان ولسانیات	9b6b9290-8f28-4c0d-9862-d687d18e4943.epub	Dars-e-Balaghat	درسِ بلاغت	2009		0423983700114
2866	3092	Sadeeduddeen Muhammad Aufi	سدیدالدین محمد عوفی	15	Sociology and Religion	سماجیات اور مذہب	de68782c-14c6-4714-a3eb-14c56e91dce1.epub	Jawmeul Hikayaat & Wameur Riwayaat	جوامع الحکایات ولوامع الروایات		1	4861314853801
2867	3093	Ataur Rahman Qasmi	عطاء الرحمن قاسمی	12	Kulliyat	کلیات	70bfeabf-27ad-48fe-b1cd-2c4d2753861d.epub	Kulliyate Majidi	کلیات ماجدی	2014	2	0738891745842
2868	3094	Prof. Fazle Imam	پروفیسر فضلِ امام	12	Kulliyat	کلیات	20e9cb8d-972c-4512-97d1-226fc58e9194.epub	Kulliyat-e-Mekash Akbarabadi	کلیات میکش اکبرآبادی	2017		8626114651359
2869	3095	Noorul Hasan Naqvi	نور الحسن نقوی	12	Kulliyat	کلیات	99dd4f38-76a5-4661-b3b8-046f243c7663.epub	Kulliyat-e-Musahfi	کلیات مصحفی	2013	9	2289621405101
2870	3096	Muslim Saleem	مسلم سلیم	12	Kulliyat	کلیات	62f87a75-84b2-4771-9b9a-114403d357be.epub	Kulliyat-e-Saleem Wahid Saleem	کلیاتِ سلیم واحد سلیم	2014		1447586801176
2871	3097	Raghu Nath Ghai	رگھو ناتھ گھئی	11	Language and Linguistics	زبان ولسانیات	8b1d5d40-c612-490d-9946-b5fc703ad537.epub	Lamat-e-Baseerat	لمعات بصیرت			8505815163100
2872	3098	Meer Taqi Meer	میر تقی میر	12	Kulliyat	کلیات	4c2b5959-b4a1-4862-8779-b3c7ce1cb8c3.epub	Kulliyat-e-Meer	کلّیاتِ میر	2003		9935406931439
2873	3099	Khushtar Noorani	خوشتر نورانی	10	Research and Criticism	تحقیق و تنقید	5759bf33-eb22-43f7-bd85-c0d801926cb7.epub	Allama Fazle Haq Khairabadi, Chand Unwanaat	علامہ فضلِ حق خیرآبادی، چند عنوانات	2013		6955927204000
2874	3100	Dr. Rafiuddin Naser	ڈاکٹر رفیع الدین ناصر	18	Science, Technology and Geography	سائنس، تکنیک  جغرافیہ	385d3f9d-6858-443e-8d0f-beb900f6d1ea.epub	Fizai Aludgi	فضائی آلودگی	2015		3177343733219
2875	3101	Najma Zaheer Baquer	نجمہ ظہیر	12	Kulliyat	کلیات	6baaf041-e9f7-41d1-861c-3feb88efb383.epub	Kulliyat-e-Sajjad Zaheer,Roshnai	کلیات سجّاد ظہیر، روشنائی	2013	1	4210993213546
2876	3102	Mateen Achalpuri	متین اچلپوری	18	Science, Technology and Geography	سائنس، تکنیک  جغرافیہ	fbbc1228-aa6d-4144-87d2-84ceb25324ee.epub	Maholnama	ماحول نامہ	2016		1280195368557
2877	3103	Dr Anees Siddiqui	ڈاکٹر انیس صدیقی	26	Library Science, Bibliographies & General Knowledge	کتب خانہ داری و کتابیات	f0fc8dab-58d1-4b55-8882-a9624dea4841.epub	SHAB KHOON Ka Tauzeehi Ishariya	شب خون کا توضیحی اشاریہ	2017	2	5941059517461
2878	3104	Dr Anees Siddiqui	ڈاکٹر انیس صدیقی	26	Library Science, Bibliographies & General Knowledge	کتب خانہ داری و کتابیات	e73c92e5-b448-43d1-b436-96fd9f194e29.epub	SHAB KHOON Ka Tauzeehi Ishariya	شب خون کا توضیحی اشاریہ	2017	1	8997306932735
2879	3105	Abdul Wadood Ansari	عبدالودود انصاری	18	Science, Technology and Geography	سائنس، تکنیک  جغرافیہ	f351dedb-7533-4e69-b2cc-7f685929bf5f.epub	AWRAQ-E-SCIENCE	اوراق سائنس			8736291613889
2880	3106 :: 3107	Abra Husni Ginnori ::  Shams Ramzi	ابرا حسنی گنوری ::  شمس رمزی	11	Language and Linguistics	زبان ولسانیات	ec9abfdb-8da2-4456-99c1-87804333dc7c.epub	Islahul Islah	اصلاح الاصلاح	2017		6086585385951
2881	3108 :: 3109	Prof. Akhtarul Wasey ::  Dr.Mohammad Arshad	پروفیسر اخترالواسع ::  ڈاکٹر محمد ارشد	15	Sociology and Religion	سماجیات اور مذہب	7b368049-ecd4-4bfa-8287-9a2abcb9255b.epub	Islam Taaruf O Tareekh	اسلام تعارف و تاریخ	201ٓ5		1278539134792
2882	3110	Dhirendra Singh Jafa	دھیریندر سنگھ جفا	3	Non-Fiction	غیر افسانوی ادب	63f343bd-bd26-4886-89a1-e4b5d8396728.epub	Jitne Door Utne Paas	جتنے دور اُتنے پاس	2018		5670965218124
2883	3111	J. S. Mill	جے ایس مِل	19	Political Science	سیاست	d96f05e3-36bf-4aa6-86be-25168ca8ac87.epub	Azadi	آزادی	1998		9225112986334
2884	3112	Charles Dickens	چارلس ڈیکنس	2	Fiction	افسانوی ادب	437b86e5-33db-4838-bbbe-796ded85a44e.epub	David CopperField	ڈیوڈ کاپرفیلڈ	2012	2	2497780529450
2885	3113	Gholam Husain Shorish	غلام حسین شورش	13	Biography	حیات و خدمات	88198609-6425-42f3-8a93-56ed8591f53d.epub	Tazkera-e-Shorish	تذکرۂ شورش	2015		1871982081293
2894	3123	ABUL HASAN MANSOOR AHMAD	ابو الحسن منصور احمد	2	Fiction	افسانوی ادب	7368f89a-7d35-4f22-ba17-705385b3b011.epub	Alf Laila wa Laila	الف لیلہ و لیلہ		3	8098022044375
2896	3125	ABUL HASAN MANSOOR AHMAD	ابو الحسن منصور احمد	2	Fiction	افسانوی ادب	2df26770-ad01-4c64-9138-9397aaf1bf04.epub	Alf Laila wa Laila	الف لیلہ و لیلہ 		2	0637667664049
2897	3126	ABUL HASAN MANSOOR AHMAD	ابو الحسن منصور احمد	2	Fiction	افسانوی ادب	089995a6-4a0e-40e7-98cc-d8e037ed2361.epub	Alf Laila wa Laila	الف لیلہ و لیلہ 		1	4624103983283
2900	3130	ABUL HASAN MANSOOR AHMAD	ابو الحسن منصور احمد	2	Fiction	افسانوی ادب	77609e07-b858-4cd6-9196-0d1f8a8fcc3d.epub	Alf Laila wa Laila	الف لیلہ و لیلہ		4	6870561253919
2901	3131	ABUL HASAN MANSOOR AHMAD	ابو الحسن منصور احمد	2	Fiction	افسانوی ادب	6a1c7b28-99ad-4e52-b092-7c84f9346de1.epub	Alf Laila wa Laila	الف لیلہ و لیلہ		5	8015176276695
2902	3133	Syed Ahmad Esar	سید احمد ایثار	1	Poetry	شاعری	578e7718-f07f-4e72-8bc7-1f991bcd9ac4.epub	Masnavi Maulana Room	مثنوی مولانا روم		1	1365533084471
2903	3134	Syed Ahmad Esar	سید احمد ایثار	1	Poetry	شاعری	55df7f6e-7f87-4e98-98ed-be4ce9f96dcf.epub	Masnavi Maulana Room	مثنوی مولانا روم		2	6429272927456
2908	3140	Mohammed Sajjad	 محمد سجاد	16	History	تاریخ	76834bad-2581-4694-93d6-f5ef514a6a08.epub	Nauabadiyat aur Alehdgi Pasandi Ki Muzahmat	نو آبادیات اور علیحدگی پسندی کی مزاحمت			6040018627003
2909	3142	Azra Abidi	عذرا عابدی	15	Sociology and Religion	سماجیات اور مذہب	56ca7212-7135-4d19-bb02-49225ebe8fa4.epub	Hindustan Mein Tanisiyat	ہندوستان میں تانیثیت			4354223648567
2910	3144	Syed Aleem Ashraf Jaisi	سید علیم اشرف جائسی	10	Research and Criticism	تحقیق و تنقید	bb965b5d-e968-4803-9beb-bd8ca4e37ebb.epub	Urdu Zaban Wa Adab Per Arabi Ke Asarat	اردو زبان و ادب پر عربی کے اثرات			2226379073674
2911	3146	Shaikh Aquil Ahmad	شیخ عقیل احمد	10	Research and Criticism	تحقیق و تنقید	d6dc15ac-2436-41d8-b829-ad30bf7c9f84.epub	Tafhimaat-O- Tarjihaat	تفہیمات و ترجیحات			5875447906690
2912	3147	ABUL HASAN MANSOOR AHMAD	ابو الحسن منصور احمد	2	Fiction	افسانوی ادب	74658159-1fcd-453f-83e8-a051888325bd.epub	Alf Laila wa Laila	الف لیلہ و لیلہ		6	0038192104679
2915	3151	ABUL HASAN MANSOOR AHMAD	ابو الحسن منصور احمد	2	Fiction	افسانوی ادب	3982079f-590f-41db-a78f-0fbec203477b.epub	Afl Laila wa Laila	الف لیلہ و لیلہ		7	7328617934798
2917	3154	Mohsin Usmani Nadvi	محسن عثمانی ندوی	10	Research and Criticism	تحقیق و تنقید	b65ad588-f0b3-4d39-8c5a-979677712211.epub	Mashahir-e-Adbiyat Mashriqui	مشاہیر ادبیات مشرقی			3395617049085
2921	3158	NCPUL	قرمی کونسل برائے فروغ اردو زبان	27	Encyclopedia And Dictionary	 انسائیکلوپیڈیا و لغات	1c6ca42d-d3d0-48b8-b103-9390e3ab0e5e.epub	Jame Urdu Encylopedia, Tareekh	جامع اردو انسائیکلو پیڈیا، تاریخ		2	2795627802732
2922	3160	Brij Mohan Dattatreya Kaifi	برج موہن دتاتریہ کیفی	10	Research and Criticism	تحقیق و تنقید	85e0662f-8b1c-4970-a5b3-0ec168b075b8.epub	Kafiyah	کیفیہ			7012008890445
2923	3161	NCPUL	قرمی کونسل برائے فروغ اردو زبان	27	Encyclopedia And Dictionary	 انسائیکلوپیڈیا و لغات	c5aa20e2-c723-4e76-804d-a409a02f412c.epub	Jame Urdu Encyclopedia, Adbiyat	جامع اردو انسائیکلو پیڈیا،ادبیات		1	9418905058796
2925	3164	Devendra Issar	دیویندر اسر 	14	Journalism	صحافت	5d9ca304-addf-4942-b4a1-4b73851c5db9.epub	Awami Zara-e- Iblgah, Taseer Aur Tameer-o-Tarraqi	عوامی ذرائع ابلاغ، ترسیل اور تعمیر و ترقی			6739544961504
2928	3169	Mohan Rao Bhagwat	موہن راؤ بھاگوت	19	Political Science	سیاست	ca708e91-02aa-49ea-b91e-70dd1cdef521.epub	Mustaqbil ka Bharat	مستقبل کا بھارت	2021		4569171251882
2933	3178	Hakim Fakhre Alam	حکیم فخرعالم	20	Medicine and Therapies	طب ومعالجات	c03a4359-fb55-4b81-9ab0-3f4ef09b9b4b.epub	Tibbi Akhlaqiyat	طبی اخلاقیات			4364945288087
2935	3182	Syed Zaheer	سید  ظہیر	1	Poetry	شاعری	495ba242-cf40-46ca-8a7a-57562f501a3b.epub	Kulliya-e-Kawish Badri	کلیات کاوش بدری			4379854964179
2936	3183	Firoz Bakht Ahmad	فیروز بخت احمد	2	Fiction	افسانوی ادب	b418dca5-d097-4385-ba88-10f90ad9b5ec.epub	Duniya ki Behtareen Kahaniyan	دنیا کی بہترین کہانیاں			6243540025600
2938	3185	Jameel Akhtar	جمیل اختر	2	Fiction	افسانوی ادب	0c1ba729-2e6b-4e1e-b147-f23cf4f1d66c.epub	Aina-e-Jahan- ‎Vol-2	آئینہ جہاں، جلد دوم  		Vol. 2	9022491334686
2939	3187	Saeed Ahmed sandilvi	سعید احمد سندیلوی	17	Education and Teaching	تعلیم و تدریس	52455536-2a5f-453f-a59e-e6f0f3eb6ac2.epub	Misali Talib-e-Ilm Kaisay Banien	 مثالی طالب علم کیسے بنیں			6146264630948
2940	3189	Misbah Ahmed Siddiqi	مصباح احمد صدیقی	13	Biography	حیات و خدمات	8e29daaa-68ca-4005-80d1-99ff3d45d279.epub	Tazkira-e-Shora-e- Rampur	تذکرہ شعرائے رامپور			8386499645038
2941	3191	Zafar Mahmood	ظفر محمود	13	Biography	حیات و خدمات	cebb04e1-c534-47de-a489-0d055a464855.epub	Josh Malihabadi	جوش ملیح آبادی			0472907356069
2942	3193	Sultan Mohd Dara Shikoh	سلطان محمد دارا شکوہ	21	Philosophy	فلسفہ	3f5830ca-c87e-4c99-80c8-95c4af9c2533.epub	Resala-e-Haq Numaq	رسالہ حق نما			8391494930567
2944	3196	Mirza Zafar Hussain	مرزا جعفر حسین	16	History	تاریخ	0d94aa0e-9e5b-448b-88cd-37f5456a1eb1.epub	Qadeem Lucknow ki Akhri Bahar	قدیم لکھنو کی آخری بہار			3871927766714
2945	3197	Khwaja Abdul Muntaqim	خواجہ عبد المنتقم	23	Laws	قانون	a6ca6d0c-8ac9-4436-b57e-cfd544428060.epub	Insani Haquq	انسانی حقوق			5051250275368
2946	3199	Mohd Hasan	محمد حسن	2	Fiction	افسانوی ادب	0713d1ae-8aca-40ae-ba50-493e5c97dff4.epub	Daman-e- Maryam	دامان مریم			6225877763988
2947	3201	Alif Nazim	الف ناظم	13	Biography	حیات و خدمات	51ce6d9e-9a41-4db6-8396-c09fc710a967.epub	Pandit Badri Nath Sudarshan	پنڈت بدری ناتھ سدرشن			7775373223876
2948	3202	Haneef Kaifi	حنیف کیفی  	10	Research and Criticism	تحقیق و تنقید	2266a290-6eb4-4f30-9a06-f2d93a7dafc9.epub	Urdu Me Nazme-Muarra Aur Azad Nazm	اردو میں نظم معرا اور آزاد نظم			1361246375061
2949	3204	Ahmed Jawed	احمد جاوید	14	Journalism	صحافت	1f6924f0-ffbe-4973-8d95-8938747c0949.epub	Mabadiyat-e- Sahafat wa Idarat	مبادیات صحافت و ادارت			8370184126083
2950	3206	Hifzur Rahman	حفظ الرحمن	17	Education and Teaching	تعلیم و تدریس	91a9cfba-c2ef-48ef-b0f5-cf6f7b4c6c58.epub	Hindustan Main Mazoor Bachon Ka Nizam-e-Talim	ہندوستان میں معذور بچوں کا نظام تعلیم			5711293507004
2951	3208	Narendra Nath La	نریندرناتھ لا	16	History	تاریخ	6b67b8de-4116-4ee3-80db-7877cf2b242c.epub	Muslim Hukumat ke Dauran Hindustan mein Ilm ka Farogh	مسلم حکومت کے دوران ہندوستان میں علم کا فروغ			0167147797457
2956	3215	Zafar Kamali	ظفر کمالی	28	Children Literature	 بچوں کا ادب	d88d39dc-1ae9-48db-8fbf-bc8fd30d972a.epub	Bachchon Ka Bagh	بچوں کا باغ			3268614910731
2958	3218	K. S. Lal	کے ایس لال	16	History	تاریخ	0b41913b-2d16-4893-ad01-9836db715908.epub	Khilji Khandan	خلجی خاندان	2022		1646584845331
2962	3224	Shahzada Mohammad Dara Shakoh Translated by Prof Azarmi Dukht Safavi	شہزادہ محمد دارا شکوہ	15	Sociology and Religion	سماجیات اور مذہب	a827f315-a321-469c-aa8d-5895c49498d6.epub	Sirr-e-Akbar	سراکبر 	2022		4638783731242
536	757	Dr. Syed Naimuddin	ڈاکٹر سید نعیم الدین	3	Non-Fiction	غیر افسانوی ادب	5e7def0a-a009-4615-9a13-9fdddf2a6d74.epub	Insha Ka Turki Roznamcha	انشاء کا ترکی روزنامچہ	2006		1451177154370
537	758	Hasrat Mohani	حسرت موہانی	1	Poetry	شاعری	530f7045-951f-4294-be82-2bb56f9b2173.epub	Intekhab-e-Sukhan	انتخاب سخن	2016	1	7590711488654
543	764	Prem Nath Dar	پریم ناتھ ڈار	3	Non-Fiction	غیر افسانوی ادب	d2bacc51-88c5-41fb-9bb6-e11e1db0b169.epub	Kaghaz Ka Vasudev	کاغذ کا واسودیو	201ٓ4		2293132045404
573	795	Ataur Rahman Qasmi	عطاء الرحمن قاسمی	1	Poetry	شاعری	8682f2d6-5e4b-4f71-9c53-a76574d0dc21.epub	Kulliyat-e-Majidi	کلیات ماجدی	2017	4	2077572869140
591	813	Farooq Azam Qasmi	فاروق اعظم قاسمی	3	Non-Fiction	غیر افسانوی ادب	2f6ce504-34df-490d-a00f-714618e6f696.epub	Manto ke Nadir Khatoot	منٹو کے نادر خطوط	2016		0924403754282
593	815	Deputy Nazeer Ahmed	ڈپٹی نذیر احمد	3	Non-Fiction	غیر افسانوی ادب	46be25fe-6ea6-4089-831a-dd5d64f9518d.epub	Maueza-e-Hasanah	موعظۂ حسنہ	2016		6734720733928
594	816	Dr. Aftab Ahmad Afaqui	ڈاکٹر آفتاب احمد آفاقی	3	Non-Fiction	غیر افسانوی ادب	d9b43d62-d012-4917-8482-c730629e9c80.epub	Mazameen-e-Chakbast	مضامینِ چکبست	2016		3610285775987
599	821	Dr. Mohammad Kazim	ڈاکٹر محمد کاظم	2	Fiction	افسانوی ادب	6be9184c-aa9e-4d30-b82d-520c7b974483.epub	Mohammad Mujib Ke Dramay	محمد مجیب کے ڈرامے	2015		0736377146407
601	823	Prof. Khwaja Md. Ekramuddin	پروفیسر خواجہ محمد اکرام الدین	3	Non-Fiction	غیر افسانوی ادب	ccbd96f5-c69f-43e0-ae33-9b225eb4925e.epub	Mulaqatein	ملاقاتیں	2015		0926877356999
607	829	Dr. Sheikh Mohammad Abdullah	ڈاکٹر شیخ محمد عبداللہ	3	Non-Fiction	غیر افسانوی ادب	5244523e-2f56-468e-8e88-8275bbf52403.epub	Mushahidaat wa Taassuraat	مشاہدات و تأثرات	2015		7544751398556
633	855	Dr. Sumatheendra Nadig	ڈاکٹر سمتیندرا ناڈگ	1	Poetry	شاعری	c2de964f-9442-4080-a727-1cfd7c5093f5.epub	Sirf Tumhare Liye	صرف تمہارے لئے	2017		4413326206024
682	904	Moeed Rasheedi	معید رشیدی	1	Poetry	شاعری	a447f1c4-dd15-4a6d-8efb-68ed1b303a19.epub	Momin Khan Momin	مومن خاں مومن			4977044126713